No;Name;Address
1;Lucy Gordon;Jepara
2;Asma Hobbs;Kudus
3;Sophia Cole;Kudus
4;Jan Franco;Jepara
5;Stevie Burch;Pati
6;Bushra Torres;Semarang
7;Robyn Gallegos;Yogyakarta
8;Nana Macdonald;Surabaya
9;Sylvia Adams;Mijen
10;Ada Benson;Mayong
11;Tanya Burns;Uylaysas
12;Aiden Cameron;Ojohull
13;Edward Huff;Sudginia
14;Jon Pratt;Joridge
15;Abdulrahman Gentry;Cidence
16;Armaan Becker;Vrul
17;Seth Daugherty;Koni
18;Nell Miller;Vrester
19;Yusra English;Antastin
20;Kevin Fitzgerald;Oitstin
21;Lowri Deleon;Yrerron
22;Katrina Wang;Bluasshire
23;Kyle Roman;Slaygan
24;Emre Olsen;Stoxving
25;Ben Hodge;Khobury
26;Mildred Long;Vleka
27;Bronte Bean;Pane
28;Kelsey Raymond;Drork
29;Fahad Gilmore;Osapus
30;Isabella Park;Encesall
31;Jensen Singleton;Khidale
32;Zaid Jackson;Dorith
33;Pauline Stafford;Guhtol
34;Norman Klein;Khevale
35;Harley Frederick;Flocester
36;Wilbur Conway;Clagos
37;Meghan Williams;Bin
38;Celeste Clark;Yley
39;Aliza Carr;Eighsea
40;Theo Curry;Alogend
41;Rowan Jacobson;Umuemouth
42;Fay Daniel;Yhaupson
43;Honey Wright;Ylotmery
44;Freya Medina;Chivale
45;Oskar Allen;Drirland
46;Dillan Ballard;Prey
47;Rhodri Mooney;Kesa
48;Inaya Noble;Hark
49;Riley Dickerson;Aneving
50;Cai Dotson;Anbushire
51;Harri Tapia;Ikhirough
52;Luc Aguirre;Flarford
53;Donald Wong;Bustead
54;Philippa Thomson;Klutin
55;Edith Patrick;Vita
56;Melisa Hart;Chodon
57;Umar Quinn;Stram
58;Aleesha Houston;Wririe
59;Diane Mcgrath;Ilaphis
60;Abigail Kidd;Ardphis
61;Gene Ramirez;Zofville
62;Bobby Cervantes;Shuesey
63;Elysia Dickson;Vracaster
64;Patricia Freeman;Miding
65;Keziah Sharp;Berledo
66;Neo Small;Drison
67;Junior Nichols;Soria
68;Juanita Kerr;Lans
69;Bronwyn Sampson;Andstin
70;Aidan Morton;Eymond
71;Annabel Ray;Wruphia
72;Tamsin Rosario;Emiamouth
73;Andrew Tran;Prausginia
74;Verity Blair;Damery
75;Erin Bradshaw;Nuaxchester
76;Owain Lynn;Sholis
77;Angelo Lawrence;Pago
78;Jake Hendrix;Yrolk
79;Alyssia Castro;Eyburg
80;Willow Maddox;Arcshire
81;Steffan Chan;Striafgas
82;Lily-May Bender;Klotby
83;Ivan Craig;Glaudmery
84;Caleb Ponce;Graspolis
85;Brian Wyatt;Khostead
86;Elaine Ferguson;Wurgh
87;Mohamad Valentine;Gam
88;Caspar Andersen;Oklester
89;Micheal Mckay;Anewell
90;Marwa Lindsay;Agoding
91;Denzel Maldonado;Agrutin
92;Everett Lindsey;Uzruaddale
93;Kyron Wiley;Pechester
94;Lexie Hansen;Xuamery
95;Camilla Ayala;Dratset
96;Jed Mercado;Upreles
97;Lucian Simon;Clale
98;Summer Franklin;Vento
99;Owais Butler;Anbumouth
100;Tabitha Acevedo;Eryding
101;Lulu Tobing;Pendem
102;Yanto Gendut;Cepogo
103;Winda Lahir;Pendem
104;Luluk Benar;Klumo
105;Ranjani;Gunung
106;Yoyok;Bangsri
107;Ratu;Demak
108;Dudung;Malang
109;Wati Asghori;Jakarta
110;Budi Handuk;Tangerang
111;Ini Ibu Budi;Bekasi
112;Rozaq;Kandangan